Maturity,Strike,Call,Put
0.0159,110.0,145.4,0.005
0.0159,125.0,130.325,0.005
0.0159,135.0,120.4,0.005
0.0159,145.0,110.425,0.005
0.0159,150.0,105.55,0.005
0.0159,155.0,100.425,0.005
0.0159,160.0,95.475,0.005
0.0159,165.0,90.275,0.005
0.0159,170.0,85.4,0.005
0.0159,175.0,80.4,0.025
0.0159,180.0,75.45,0.005
0.0159,185.0,70.45,0.005
0.0159,190.0,65.575,0.005
0.0159,195.0,60.425,0.005
0.0159,200.0,55.6,0.015
0.0159,205.0,50.575,0.02
0.0159,210.0,45.625,0.03
0.0159,212.5,43.1,0.095
0.0159,215.0,40.375,0.055
0.0159,217.5,37.85,0.02
0.0159,220.0,35.8,0.06
0.0159,222.5,32.975,0.025
0.0159,225.0,30.975,0.05
0.0159,227.5,28.075,0.04
0.0159,230.0,25.95,0.045
0.0159,232.5,23.0,0.055
0.0159,235.0,20.65,0.085
0.0159,237.5,18.15,0.105
0.0159,240.0,15.65,0.15
0.0159,242.5,13.45,0.23
0.0159,245.0,10.975,0.38
0.0159,247.5,8.725,0.62
0.0159,250.0,6.6,1.05
0.0159,252.5,4.775,1.695
0.0159,255.0,3.25,2.655
0.0159,257.5,2.04,3.975
0.0159,260.0,1.21,5.45
0.0159,262.5,0.685,7.6
0.0159,265.0,0.38,9.9
0.0159,267.5,0.225,12.175
0.0159,270.0,0.125,14.6
0.0159,272.5,0.075,17.1
0.0159,275.0,0.05,19.6
0.0159,277.5,0.04,22.075
0.0159,280.0,0.035,24.575
0.0159,282.5,0.02,
0.0159,285.0,0.02,29.65
0.0159,287.5,0.11,32.125
0.0159,290.0,0.015,
0.0159,292.5,0.015,
0.0159,295.0,0.01,
0.0159,300.0,0.005,
0.0159,305.0,0.005,49.6
0.0159,310.0,0.005,54.6
0.0159,315.0,0.005,59.625
0.0159,320.0,0.005,
0.0159,325.0,0.005,69.6
0.0437,110.0,145.6,
0.0437,120.0,135.625,0.18
0.0437,135.0,120.55,0.14
0.0437,140.0,115.525,0.16
0.0437,150.0,105.65,0.175
0.0437,160.0,95.65,0.01
0.0437,165.0,90.55,0.01
0.0437,170.0,85.65,0.025
0.0437,175.0,80.675,0.015
0.0437,180.0,75.675,0.015
0.0437,185.0,70.7,0.02
0.0437,190.0,65.7,0.03
0.0437,195.0,60.725,0.035
0.0437,200.0,55.925,0.08
0.0437,205.0,50.625,0.055
0.0437,210.0,45.525,0.105
0.0437,215.0,40.55,0.08
0.0437,217.5,38.35,0.09
0.0437,220.0,35.7,0.105
0.0437,222.5,33.375,0.11
0.0437,225.0,31.05,0.13
0.0437,227.5,28.4,0.155
0.0437,230.0,25.95,0.185
0.0437,232.5,23.575,0.235
0.0437,235.0,20.975,0.3
0.0437,237.5,18.75,0.4
0.0437,240.0,16.375,0.535
0.0437,242.5,14.075,0.735
0.0437,245.0,11.875,1.04
0.0437,247.5,9.8,1.46
0.0437,250.0,7.875,2.035
0.0437,252.5,6.15,2.83
0.0437,255.0,4.65,3.825
0.0437,257.5,3.4,5.05
0.0437,260.0,2.415,6.675
0.0437,262.5,1.68,8.225
0.0437,265.0,1.1,10.325
0.0437,267.5,0.74,12.5
0.0437,270.0,0.495,14.775
0.0437,272.5,0.34,17.15
0.0437,275.0,0.24,19.625
0.0437,280.0,0.135,24.6
0.0437,285.0,0.075,
0.0437,290.0,0.055,34.575
0.0437,295.0,0.065,39.6
0.0437,300.0,0.02,44.525
0.0437,305.0,0.015,
0.0437,310.0,0.115,54.6
0.0437,315.0,0.01,
0.0437,320.0,0.005,
0.0437,325.0,0.01,
0.0714,90.0,165.65,0.005
0.0714,95.0,160.65,0.13
0.0714,100.0,155.675,0.005
0.0714,105.0,150.675,0.055
0.0714,110.0,145.7,0.055
0.0714,115.0,140.575,0.04
0.0714,120.0,135.725,0.04
0.0714,125.0,130.525,0.055
0.0714,130.0,125.7,0.01
0.0714,135.0,120.675,0.055
0.0714,140.0,115.7,0.04
0.0714,145.0,110.825,0.025
0.0714,150.0,105.725,0.015
0.0714,155.0,100.875,0.015
0.0714,160.0,96.075,0.03
0.0714,165.0,90.4,0.055
0.0714,170.0,85.85,0.04
0.0714,175.0,80.875,0.065
0.0714,180.0,75.5,0.05
0.0714,185.0,70.8,0.06
0.0714,190.0,65.65,0.065
0.0714,195.0,60.925,0.085
0.0714,200.0,56.0,0.1
0.0714,205.0,50.925,0.115
0.0714,210.0,46.0,0.135
0.0714,215.0,41.45,0.17
0.0714,217.5,38.325,0.185
0.0714,220.0,36.2,0.21
0.0714,222.5,33.7,0.245
0.0714,225.0,31.3,0.285
0.0714,227.5,29.025,0.335
0.0714,230.0,26.45,0.41
0.0714,232.5,23.75,0.5
0.0714,235.0,21.625,0.625
0.0714,237.5,19.3,0.8
0.0714,240.0,17.025,1.03
0.0714,242.5,14.825,1.34
0.0714,245.0,12.75,1.765
0.0714,247.5,10.775,2.275
0.0714,250.0,8.95,2.97
0.0714,252.5,7.325,3.8
0.0714,255.0,5.825,4.8
0.0714,257.5,4.575,6.075
0.0714,260.0,3.5,7.45
0.0714,262.5,2.615,9.3
0.0714,265.0,1.93,10.975
0.0714,267.5,1.405,12.975
0.0714,270.0,1.025,15.05
0.0714,272.5,0.745,
0.0714,275.0,0.54,19.675
0.0714,280.0,0.3,24.6
0.0714,285.0,0.175,29.625
0.0714,290.0,0.105,34.65
0.0714,295.0,0.065,39.725
0.0714,300.0,0.09,44.775
0.0714,305.0,0.13,49.675
0.0714,310.0,0.025,
0.0714,315.0,0.025,59.675
0.0714,320.0,0.02,64.675
0.0714,325.0,0.01,
0.0714,330.0,0.005,74.65
0.0714,335.0,0.005,79.625
0.0714,340.0,0.01,
0.0714,345.0,0.005,
0.0714,350.0,0.005,
0.0714,355.0,0.005,141.825
0.0714,360.0,0.005,146.925
0.0714,370.0,0.005,114.75
0.0992,110.0,145.8,0.175
0.0992,120.0,135.8,
0.0992,140.0,115.85,0.07
0.0992,165.0,90.925,0.095
0.0992,170.0,85.925,0.105
0.0992,175.0,80.975,0.1
0.0992,180.0,76.025,0.07
0.0992,185.0,71.075,0.08
0.0992,190.0,65.975,0.095
0.0992,195.0,61.275,0.12
0.0992,200.0,56.125,0.13
0.0992,205.0,51.3,0.165
0.0992,210.0,46.2,0.19
0.0992,215.0,41.35,0.25
0.0992,220.0,36.5,0.33
0.0992,225.0,31.475,0.45
0.0992,230.0,26.95,0.645
0.0992,235.0,22.175,0.98
0.0992,240.0,17.7,1.52
0.0992,245.0,13.6,2.34
0.0992,250.0,9.95,3.725
0.0992,255.0,6.875,5.65
0.0992,260.0,4.5,8.275
0.0992,265.0,2.745,11.575
0.0992,270.0,1.635,15.525
0.0992,275.0,0.94,19.975
0.0992,280.0,0.535,24.675
0.0992,285.0,0.32,
0.0992,290.0,0.2,34.65
0.0992,295.0,0.125,39.625
0.0992,300.0,0.095,44.65
0.0992,305.0,0.06,
0.0992,310.0,0.155,
0.0992,315.0,0.095,
0.0992,320.0,0.09,
0.0992,325.0,0.02,69.625
0.127,140.0,116.05,0.13
0.127,155.0,101.15,0.06
0.127,170.0,86.25,0.095
0.127,180.0,76.325,0.12
0.127,185.0,71.375,0.145
0.127,190.0,66.425,0.175
0.127,195.0,61.45,0.21
0.127,200.0,56.525,0.255
0.127,205.0,51.425,0.315
0.127,210.0,46.725,0.395
0.127,215.0,41.85,0.515
0.127,220.0,37.0,0.68
0.127,225.0,32.3,0.94
0.127,230.0,27.65,1.325
0.127,235.0,23.3,1.895
0.127,240.0,19.075,2.725
0.127,245.0,15.325,3.875
0.127,250.0,11.875,5.45
0.127,255.0,8.95,7.475
0.127,260.0,6.525,9.175
0.127,265.0,4.55,13.1
0.127,270.0,3.05,16.625
0.127,275.0,2.02,20.625
0.127,280.0,1.315,25.025
0.127,285.0,0.86,29.75
0.127,290.0,0.565,34.675
0.127,295.0,0.36,39.625
0.127,300.0,0.255,44.675
0.127,305.0,0.16,
0.127,310.0,0.125,54.625
0.127,315.0,0.08,59.625
0.127,320.0,0.155,
0.127,325.0,0.04,
0.1548,120.0,136.025,
0.1548,200.0,56.75,0.34
0.1548,215.0,42.125,1.39
0.1548,220.0,37.3,0.92
0.1548,225.0,32.725,1.235
0.1548,230.0,27.825,1.675
0.1548,235.0,24.325,3.19
0.1548,240.0,19.7,3.165
0.1548,245.0,15.85,4.165
0.1548,250.0,12.325,6.6
0.1548,255.0,9.75,8.625
0.1548,260.0,7.575,11.025
0.1548,265.0,5.825,13.95
0.1548,270.0,3.7,
0.1548,275.0,1.875,
0.1548,280.0,2.08,
0.1548,285.0,1.31,
0.1548,290.0,0.55,
0.1548,295.0,0.58,
0.1548,300.0,0.39,
0.1548,305.0,0.245,
0.1548,320.0,1.105,
0.1548,325.0,1.1,
0.2103,100.0,155.95,0.015
0.2103,105.0,150.8,0.08
0.2103,110.0,145.925,0.025
0.2103,115.0,140.925,0.08
0.2103,120.0,135.975,0.04
0.2103,125.0,131.025,0.13
0.2103,130.0,126.15,0.055
0.2103,135.0,121.15,0.095
0.2103,140.0,116.125,0.07
0.2103,145.0,111.2,0.08
0.2103,150.0,106.3,0.095
0.2103,155.0,101.35,0.105
0.2103,160.0,96.4,0.13
0.2103,165.0,91.325,0.145
0.2103,170.0,86.4,0.175
0.2103,175.0,81.45,0.205
0.2103,180.0,76.575,0.245
0.2103,185.0,71.35,0.295
0.2103,190.0,66.725,0.355
0.2103,195.0,61.825,0.43
0.2103,200.0,56.75,0.53
0.2103,205.0,52.125,0.66
0.2103,210.0,47.225,0.825
0.2103,215.0,42.675,1.06
0.2103,220.0,37.975,1.38
0.2103,225.0,33.5,1.8
0.2103,230.0,29.075,2.365
0.2103,235.0,24.85,3.125
0.2103,240.0,20.875,4.125
0.2103,245.0,17.2,5.4
0.2103,250.0,13.875,7.125
0.2103,255.0,10.975,9.15
0.2103,260.0,8.45,11.675
0.2103,265.0,6.4,14.825
0.2103,270.0,4.7,18.15
0.2103,275.0,3.4,21.775
0.2103,280.0,2.43,25.8
0.2103,285.0,1.715,30.15
0.2103,290.0,1.205,34.8
0.2103,295.0,0.855,
0.2103,300.0,0.6,44.625
0.2103,305.0,0.42,49.6
0.2103,310.0,0.3,
0.2103,315.0,0.215,59.625
0.2103,320.0,0.15,
0.2103,325.0,0.11,69.625
0.2103,330.0,0.08,
0.2103,335.0,0.06,79.625
0.2103,340.0,0.045,
0.2103,345.0,0.04,89.625
0.2103,350.0,0.03,
0.3214,5.0,250.05,0.005
0.3214,10.0,245.375,0.005
0.3214,15.0,240.45,0.005
0.3214,20.0,235.45,0.005
0.3214,25.0,230.575,0.005
0.3214,30.0,225.575,0.005
0.3214,35.0,220.625,0.025
0.3214,40.0,215.675,0.05
0.3214,45.0,156.7,0.05
0.3214,50.0,205.775,0.05
0.3214,55.0,200.825,0.065
0.3214,60.0,195.775,0.065
0.3214,65.0,190.85,0.01
0.3214,70.0,185.775,0.01
0.3214,75.0,181.025,0.045
0.3214,80.0,175.975,0.015
0.3214,85.0,171.05,0.105
0.3214,90.0,166.1,0.025
0.3214,95.0,161.15,0.11
0.3214,100.0,156.075,0.03
0.3214,105.0,151.25,0.065
0.3214,110.0,146.725,0.12
0.3214,115.0,141.4,0.065
0.3214,120.0,136.625,0.095
0.3214,125.0,131.8,0.105
0.3214,130.0,126.6,0.08
0.3214,135.0,121.875,0.095
0.3214,140.0,116.85,0.105
0.3214,145.0,112.175,0.125
0.3214,150.0,106.975,0.145
0.3214,155.0,101.85,0.175
0.3214,160.0,97.025,0.21
0.3214,165.0,92.125,0.245
0.3214,170.0,86.925,0.29
0.3214,175.0,82.125,0.345
0.3214,180.0,77.45,0.415
0.3214,185.0,73.025,0.5
0.3214,190.0,67.575,0.605
0.3214,195.0,62.925,0.735
0.3214,200.0,57.8,0.905
0.3214,205.0,53.3,1.12
0.3214,210.0,48.7,1.4
0.3214,215.0,44.125,1.76
0.3214,220.0,39.65,2.22
0.3214,225.0,35.275,2.805
0.3214,230.0,31.05,3.55
0.3214,235.0,27.025,4.5
0.3214,240.0,23.2,5.675
0.3214,245.0,19.675,7.1
0.3214,250.0,16.375,8.875
0.3214,255.0,13.55,10.925
0.3214,260.0,10.9,13.35
0.3214,265.0,8.7,16.1
0.3214,270.0,6.775,19.55
0.3214,275.0,5.175,23.05
0.3214,280.0,3.95,26.7
0.3214,285.0,3.0,30.775
0.3214,290.0,2.18,35.15
0.3214,295.0,1.625,39.75
0.3214,300.0,1.195,44.625
0.3214,305.0,0.875,
0.3214,310.0,0.645,54.6
0.3214,315.0,0.475,
0.3214,320.0,0.35,64.625
0.3214,330.0,0.19,74.7
0.3214,340.0,0.11,
0.3214,350.0,0.065,94.65
0.3214,360.0,0.04,163.475
0.3214,370.0,0.03,
0.3214,380.0,0.085,
0.3214,390.0,0.015,
0.3214,400.0,0.01,144.65
0.4325,5.0,250.425,0.005
0.4325,10.0,245.5,0.005
0.4325,15.0,240.55,0.005
0.4325,20.0,235.625,0.005
0.4325,25.0,230.7,0.005
0.4325,30.0,225.75,0.055
0.4325,35.0,220.825,0.05
0.4325,40.0,215.9,0.05
0.4325,45.0,210.975,0.055
0.4325,50.0,205.8,0.03
0.4325,55.0,201.1,0.035
0.4325,60.0,196.175,0.16
0.4325,65.0,191.25,0.01
0.4325,70.0,186.3,0.01
0.4325,75.0,181.375,0.06
0.4325,80.0,176.275,0.065
0.4325,85.0,171.5,0.07
0.4325,90.0,166.575,0.125
0.4325,95.0,161.65,0.09
0.4325,100.0,156.525,0.055
0.4325,105.0,151.825,0.085
0.4325,110.0,146.9,0.095
0.4325,115.0,141.975,0.085
0.4325,120.0,136.775,0.08
0.4325,125.0,132.25,0.095
0.4325,130.0,127.05,0.115
0.4325,135.0,122.325,0.13
0.4325,140.0,117.35,0.15
0.4325,145.0,112.5,0.18
0.4325,150.0,107.225,0.215
0.4325,155.0,103.075,0.25
0.4325,160.0,97.55,0.295
0.4325,165.0,92.675,0.35
0.4325,170.0,87.825,0.415
0.4325,175.0,83.35,0.5
0.4325,180.0,78.35,0.595
0.4325,185.0,73.575,0.725
0.4325,190.0,68.675,0.875
0.4325,195.0,63.825,1.06
0.4325,200.0,59.325,1.295
0.4325,205.0,54.7,1.585
0.4325,210.0,50.125,1.965
0.4325,215.0,45.65,2.425
0.4325,220.0,41.25,3.005
0.4325,225.0,37.0,3.675
0.4325,230.0,32.925,4.55
0.4325,235.0,28.975,5.6
0.4325,240.0,25.3,6.875
0.4325,245.0,21.85,8.35
0.4325,250.0,18.6,10.125
0.4325,255.0,15.65,12.2
0.4325,260.0,13.025,14.6
0.4325,265.0,10.7,17.35
0.4325,270.0,8.675,20.475
0.4325,275.0,6.95,23.75
0.4325,280.0,5.5,27.425
0.4325,285.0,4.3,31.225
0.4325,290.0,3.35,35.5
0.4325,295.0,2.605,40.075
0.4325,300.0,1.985,44.725
0.4325,305.0,1.51,49.65
0.4325,310.0,1.155,54.7
0.4325,315.0,0.875,59.625
0.4325,320.0,0.68,64.625
0.4325,330.0,0.39,74.625
0.4325,340.0,0.235,84.625
0.4325,350.0,0.145,94.625
0.4325,360.0,0.085,104.625
0.4325,370.0,0.105,114.625
0.4325,380.0,0.04,
0.4325,390.0,0.025,134.625
0.5714,100.0,157.05,0.075
0.5714,105.0,152.125,0.09
0.5714,110.0,147.225,0.11
0.5714,120.0,137.45,0.155
0.5714,125.0,132.55,0.18
0.5714,130.0,127.65,0.205
0.5714,135.0,122.75,0.245
0.5714,140.0,117.875,0.285
0.5714,145.0,113.0,0.33
0.5714,150.0,108.075,0.395
0.5714,155.0,103.2,0.475
0.5714,160.0,98.375,0.56
0.5714,165.0,93.425,0.65
0.5714,170.0,89.075,0.785
0.5714,175.0,84.025,0.93
0.5714,180.0,79.2,1.105
0.5714,185.0,74.375,1.31
0.5714,190.0,69.95,1.56
0.5714,195.0,65.2,1.84
0.5714,200.0,60.775,2.215
0.5714,205.0,56.225,2.645
0.5714,210.0,52.0,3.15
0.5714,215.0,47.55,3.75
0.5714,220.0,43.375,4.5
0.5714,225.0,39.35,5.35
0.5714,230.0,35.4,6.4
0.5714,235.0,31.65,7.525
0.5714,240.0,28.125,8.925
0.5714,245.0,24.7,10.575
0.5714,250.0,21.55,12.325
0.5714,255.0,18.65,14.5
0.5714,260.0,15.975,16.775
0.5714,265.0,13.575,19.375
0.5714,270.0,11.425,22.3
0.5714,275.0,9.525,25.7
0.5714,280.0,7.925,28.925
0.5714,285.0,6.55,32.55
0.5714,290.0,5.275,36.675
0.5714,295.0,4.3,40.9
0.5714,300.0,3.475,45.275
0.5714,310.0,2.26,54.65
0.5714,320.0,1.46,
0.5714,330.0,0.95,
0.5714,340.0,0.625,
0.5714,350.0,0.41,
0.5714,360.0,0.28,
0.5714,370.0,0.185,
0.5714,380.0,0.125,
0.5714,390.0,0.085,
0.5714,400.0,0.065,
0.6825,90.0,167.05,0.065
0.6825,95.0,162.35,0.085
0.6825,100.0,157.3,0.105
0.6825,105.0,152.425,0.125
0.6825,110.0,147.55,0.145
0.6825,115.0,142.675,0.175
0.6825,120.0,137.8,0.215
0.6825,125.0,132.775,0.245
0.6825,130.0,127.725,0.295
0.6825,135.0,122.85,0.345
0.6825,140.0,118.4,0.405
0.6825,145.0,113.225,0.47
0.6825,150.0,108.75,0.555
0.6825,155.0,103.75,0.65
0.6825,160.0,99.85,0.77
0.6825,165.0,94.2,0.905
0.6825,170.0,90.2,1.06
0.6825,175.0,85.3,1.255
0.6825,180.0,80.0,1.475
0.6825,185.0,75.6,1.735
0.6825,190.0,71.05,2.045
0.6825,195.0,66.45,2.41
0.6825,200.0,62.125,2.84
0.6825,210.0,53.325,3.95
0.6825,220.0,45.025,5.4
0.6825,230.0,37.175,7.45
0.6825,240.0,30.025,10.175
0.6825,250.0,23.55,13.625
0.6825,260.0,17.975,18.025
0.6825,270.0,13.3,23.375
0.6825,280.0,9.55,29.725
0.6825,290.0,6.725,37.2
0.6825,300.0,4.65,45.425
0.6825,310.0,3.175,54.725
0.6825,320.0,2.175,106.2
0.6825,330.0,1.475,
0.6825,340.0,1.01,
0.6825,350.0,0.7,153.65
0.6825,360.0,0.485,163.025
0.6825,370.0,0.335,0.0
0.7937,120.0,138.25,0.28
0.7937,125.0,133.45,0.31
0.7937,140.0,118.975,0.51
0.7937,150.0,109.375,0.7
0.7937,155.0,104.625,0.82
0.7937,160.0,99.875,0.955
0.7937,165.0,95.15,1.11
0.7937,170.0,90.425,1.305
0.7937,175.0,85.725,1.525
0.7937,180.0,81.1,1.78
0.7937,185.0,76.55,2.075
0.7937,190.0,72.025,2.41
0.7937,195.0,67.575,2.84
0.7937,200.0,63.15,3.35
0.7937,205.0,58.775,3.9
0.7937,210.0,54.575,4.525
0.7937,215.0,50.4,5.3
0.7937,220.0,46.375,6.175
0.7937,225.0,42.5,7.175
0.7937,230.0,38.725,8.325
0.7937,235.0,35.05,9.65
0.7937,240.0,31.625,11.075
0.7937,245.0,28.325,12.75
0.7937,250.0,25.225,14.6
0.7937,255.0,22.275,16.7
0.7937,260.0,19.65,19.1
0.7937,265.0,17.225,21.55
0.7937,270.0,14.875,24.3
0.7937,275.0,12.9,27.6
0.7937,280.0,11.1,30.6
0.7937,285.0,9.525,34.175
0.7937,290.0,8.025,37.875
0.7937,295.0,6.8,
0.7937,300.0,5.725,45.95
0.7937,305.0,4.825,50.475
0.7937,310.0,4.0,
0.7937,315.0,3.375,
0.7937,320.0,2.83,
0.7937,325.0,2.375,
0.7937,330.0,1.995,
0.7937,340.0,1.42,
0.7937,350.0,0.995,
0.7937,370.0,0.515,
0.9048,5.0,250.475,0.105
0.9048,30.0,225.975,
0.9048,60.0,196.775,0.11
0.9048,90.0,167.675,0.13
0.9048,95.0,162.8,0.15
0.9048,100.0,157.975,0.19
0.9048,120.0,138.55,0.35
0.9048,125.0,133.725,0.41
0.9048,130.0,128.925,0.47
0.9048,135.0,124.225,0.56
0.9048,140.0,119.45,0.65
0.9048,145.0,114.675,0.76
0.9048,150.0,109.9,0.895
0.9048,155.0,105.2,1.045
0.9048,160.0,100.425,1.215
0.9048,165.0,95.825,1.415
0.9048,170.0,91.075,1.65
0.9048,175.0,86.45,1.92
0.9048,180.0,81.975,2.235
0.9048,185.0,77.525,2.58
0.9048,190.0,73.025,3.01
0.9048,195.0,68.625,3.5
0.9048,200.0,64.325,4.05
0.9048,210.0,56.025,5.425
0.9048,220.0,47.925,7.225
0.9048,230.0,40.3,9.5
0.9048,240.0,33.525,12.45
0.9048,250.0,27.275,16.0
0.9048,260.0,21.7,20.35
0.9048,270.0,16.825,25.55
0.9048,280.0,12.875,31.7
0.9048,290.0,9.65,38.725
0.9048,300.0,7.075,46.65
0.9048,310.0,5.275,55.25
0.9048,320.0,3.825,
0.9048,330.0,2.77,
0.9048,340.0,2.02,
0.9048,350.0,1.485,
0.9048,360.0,1.095,
0.9048,370.0,0.805,
0.9048,380.0,0.59,
0.9048,390.0,0.44,
0.9048,400.0,0.335,144.625
1.0397,5.0,250.475,0.075
1.0397,10.0,188.55,0.11
1.0397,15.0,240.625,0.15
1.0397,20.0,184.675,0.11
1.0397,25.0,230.75,0.115
1.0397,30.0,226.0,0.115
1.0397,35.0,164.275,0.07
1.0397,40.0,162.15,0.15
1.0397,45.0,157.275,0.09
1.0397,50.0,206.45,0.095
1.0397,55.0,201.7,0.115
1.0397,60.0,196.775,0.09
1.0397,65.0,192.025,0.08
1.0397,70.0,187.15,0.075
1.0397,75.0,182.375,0.1
1.0397,80.0,177.475,0.12
1.0397,85.0,172.7,0.14
1.0397,90.0,168.225,0.165
1.0397,95.0,163.375,0.195
1.0397,100.0,157.975,0.23
1.0397,105.0,153.425,0.27
1.0397,110.0,148.625,0.32
1.0397,115.0,143.675,0.37
1.0397,120.0,139.05,0.43
1.0397,125.0,134.175,0.51
1.0397,130.0,129.225,0.59
1.0397,135.0,124.55,0.69
1.0397,140.0,119.825,0.8
1.0397,145.0,115.3,0.935
1.0397,150.0,110.925,1.09
1.0397,155.0,106.475,1.27
1.0397,160.0,101.2,1.475
1.0397,165.0,96.25,1.705
1.0397,170.0,92.275,1.98
1.0397,175.0,87.5,2.295
1.0397,180.0,83.0,2.665
1.0397,185.0,78.55,3.05
1.0397,190.0,74.25,3.55
1.0397,195.0,69.9,4.1
1.0397,200.0,65.6,4.7
1.0397,205.0,61.425,5.4
1.0397,210.0,57.375,6.2
1.0397,215.0,53.375,7.125
1.0397,220.0,49.55,8.125
1.0397,225.0,45.75,9.25
1.0397,230.0,42.1,10.525
1.0397,235.0,38.625,11.875
1.0397,240.0,35.3,13.475
1.0397,245.0,32.1,15.2
1.0397,250.0,29.0,17.075
1.0397,255.0,26.175,19.25
1.0397,260.0,23.5,21.45
1.0397,265.0,21.0,23.85
1.0397,270.0,18.675,26.55
1.0397,275.0,16.5,29.45
1.0397,280.0,14.55,32.55
1.0397,285.0,12.8,36.2
1.0397,290.0,11.175,39.425
1.0397,300.0,8.5,47.275
1.0397,310.0,6.4,55.675
1.0397,320.0,4.775,64.75
1.0397,330.0,3.55,74.6
1.0397,340.0,2.67,84.625
1.0397,350.0,2.015,97.25
1.0397,360.0,1.5,157.45
1.0397,370.0,1.14,142.525
1.0397,380.0,0.865,124.6
1.0397,390.0,0.66,134.6
1.2937,115.0,144.6,0.535
1.2937,120.0,139.875,0.615
1.2937,125.0,135.125,0.72
1.2937,130.0,130.425,0.84
1.2937,135.0,125.75,0.975
1.2937,140.0,121.05,1.125
1.2937,145.0,116.425,1.31
1.2937,150.0,111.8,1.505
1.2937,155.0,107.125,1.75
1.2937,160.0,102.575,2.0
1.2937,165.0,98.025,2.315
1.2937,170.0,93.6,2.66
1.2937,175.0,89.15,3.05
1.2937,180.0,84.8,3.5
1.2937,185.0,80.45,4.0
1.2937,190.0,76.225,4.6
1.2937,195.0,72.025,5.225
1.2937,200.0,67.9,5.95
1.2937,210.0,59.95,7.675
1.2937,220.0,52.375,9.8
1.2937,230.0,45.175,12.35
1.2937,240.0,38.6,15.45
1.2937,250.0,32.525,19.175
1.2937,260.0,26.875,23.525
1.2937,270.0,22.025,28.575
1.2937,280.0,17.775,34.4
1.2937,290.0,14.25,41.05
1.2937,300.0,11.275,48.375
1.2937,310.0,8.85,56.525
1.2937,320.0,6.875,65.175
1.2937,330.0,5.375,74.625
1.2937,340.0,4.175,84.6
1.2937,350.0,3.25,
1.4048,50.0,206.875,0.06
1.4048,55.0,202.1,0.07
1.4048,60.0,197.325,0.095
1.4048,65.0,192.55,0.125
1.4048,70.0,187.775,0.15
1.4048,75.0,0.0,0.18
1.4048,80.0,178.225,0.215
1.4048,85.0,173.425,0.235
1.4048,90.0,168.675,0.295
1.4048,95.0,163.9,0.345
1.4048,100.0,158.875,0.385
1.4048,105.0,154.4,0.465
1.4048,110.0,149.675,0.535
1.4048,115.0,144.95,0.64
1.4048,120.0,140.225,0.725
1.4048,125.0,135.975,0.835
1.4048,130.0,130.875,0.965
1.4048,135.0,126.225,1.115
1.4048,140.0,121.625,1.295
1.4048,145.0,117.0,1.515
1.4048,150.0,112.4,1.72
1.4048,155.0,107.875,2.0
1.4048,160.0,103.3,2.27
1.4048,165.0,98.85,2.6
1.4048,170.0,94.45,3.0
1.4048,175.0,90.025,3.4
1.4048,180.0,85.7,3.9
1.4048,185.0,81.425,4.425
1.4048,190.0,77.1,5.05
1.4048,195.0,73.15,5.725
1.4048,200.0,69.075,6.5
1.4048,205.0,65.075,7.3
1.4048,210.0,61.1,8.4
1.4048,215.0,57.35,9.35
1.4048,220.0,53.625,10.6
1.4048,225.0,50.0,11.75
1.4048,230.0,46.575,13.15
1.4048,235.0,43.05,14.525
1.4048,240.0,39.9,16.425
1.4048,245.0,36.875,18.05
1.4048,250.0,33.775,20.15
1.4048,255.0,31.225,22.125
1.4048,260.0,28.325,24.5
1.4048,265.0,25.85,26.8
1.4048,270.0,23.45,29.35
1.4048,275.0,21.25,32.125
1.4048,280.0,19.075,35.1
1.4048,285.0,17.225,38.05
1.4048,290.0,15.425,41.45
1.4048,295.0,13.875,44.9
1.4048,300.0,12.325,48.85
1.4048,310.0,9.825,56.75
1.4048,320.0,7.775,65.3
1.4048,330.0,6.125,
1.4048,340.0,4.825,
1.4048,350.0,3.8,94.625
1.4048,360.0,3.0,104.625
1.4048,370.0,2.355,
1.4048,380.0,1.875,
1.4048,390.0,1.495,
1.4048,400.0,1.215,144.65
1.7659,5.0,250.45,0.135
1.7659,10.0,245.525,0.135
1.7659,15.0,240.65,0.165
1.7659,20.0,191.725,0.12
1.7659,25.0,231.05,0.175
1.7659,30.0,226.3,0.155
1.7659,35.0,164.675,0.115
1.7659,40.0,162.525,0.075
1.7659,45.0,157.85,0.09
1.7659,50.0,207.15,0.08
1.7659,60.0,197.8,0.125
1.7659,70.0,188.2,0.24
1.7659,80.0,178.75,0.315
1.7659,85.0,174.05,0.38
1.7659,90.0,116.35,0.43
1.7659,95.0,164.8,0.495
1.7659,100.0,159.85,0.57
1.7659,105.0,155.225,0.675
1.7659,110.0,151.025,0.785
1.7659,115.0,146.125,0.89
1.7659,120.0,141.4,1.05
1.7659,125.0,136.675,1.205
1.7659,130.0,132.175,1.395
1.7659,135.0,127.75,1.6
1.7659,140.0,123.55,1.82
1.7659,145.0,119.05,2.1
1.7659,150.0,114.55,2.385
1.7659,155.0,109.8,2.71
1.7659,160.0,105.375,3.1
1.7659,165.0,101.05,3.525
1.7659,170.0,96.725,4.0
1.7659,175.0,92.55,4.525
1.7659,180.0,88.125,5.1
1.7659,185.0,84.05,5.775
1.7659,190.0,80.125,6.475
1.7659,195.0,76.025,7.275
1.7659,200.0,72.2,8.175
1.7659,210.0,64.575,10.175
1.7659,220.0,57.45,12.575
1.7659,230.0,50.575,15.375
1.7659,240.0,44.1,18.725
1.7659,250.0,38.25,22.475
1.7659,260.0,32.75,26.75
1.7659,270.0,27.8,31.525
1.7659,280.0,23.35,37.325
1.7659,290.0,19.55,43.575
1.7659,300.0,16.225,50.5
1.7659,310.0,13.275,58.05
1.7659,320.0,10.925,66.3
1.7659,330.0,8.925,75.15
1.7659,340.0,7.275,84.625
1.7659,350.0,5.95,94.625
1.7659,360.0,4.875,104.625
1.7659,370.0,3.975,
1.7659,380.0,3.25,124.625
1.7659,390.0,2.66,134.625
1.7659,400.0,2.215,144.625
1.7659,410.0,1.815,154.625
1.7659,420.0,1.535,
1.7659,430.0,1.28,
1.7659,440.0,1.09,204.175
1.7659,450.0,0.92,194.625
1.877,5.0,250.35,0.01
1.877,10.0,245.425,0.135
1.877,15.0,240.55,0.135
1.877,20.0,235.75,0.115
1.877,25.0,176.725,0.11
1.877,30.0,226.25,0.105
1.877,35.0,167.25,0.09
1.877,40.0,216.775,0.115
1.877,45.0,212.05,0.08
1.877,50.0,207.325,0.11
1.877,60.0,197.9,0.18
1.877,70.0,188.5,0.245
1.877,80.0,179.1,0.34
1.877,85.0,130.775,0.41
1.877,90.0,169.7,0.46
1.877,95.0,164.825,0.54
1.877,100.0,160.35,0.63
1.877,105.0,155.7,0.73
1.877,110.0,151.075,0.84
1.877,115.0,146.2,0.97
1.877,120.0,142.4,1.12
1.877,125.0,137.3,1.29
1.877,130.0,133.35,1.48
1.877,135.0,127.725,1.7
1.877,140.0,124.05,1.945
1.877,145.0,119.675,2.22
1.877,150.0,114.925,2.545
1.877,155.0,110.325,2.9
1.877,160.0,106.1,3.3
1.877,165.0,101.775,3.75
1.877,170.0,97.5,4.25
1.877,175.0,93.325,4.775
1.877,180.0,89.175,5.4
1.877,185.0,85.05,6.075
1.877,190.0,80.925,6.825
1.877,195.0,77.075,7.625
1.877,200.0,73.175,8.525
1.877,210.0,65.65,10.6
1.877,220.0,58.475,13.05
1.877,230.0,51.675,15.875
1.877,240.0,45.3,19.2
1.877,250.0,39.35,23.025
1.877,260.0,33.925,27.375
1.877,270.0,28.975,32.325
1.877,280.0,24.525,37.85
1.877,290.0,20.675,43.675
1.877,300.0,17.25,50.875
1.877,310.0,14.325,58.575
1.877,320.0,11.9,66.475
1.877,330.0,9.85,75.85
1.877,340.0,8.0,84.7
1.877,350.0,6.65,94.6
1.877,360.0,5.475,
1.877,370.0,4.5,142.5
1.877,380.0,3.725,
1.877,390.0,3.1,134.625
1.877,400.0,2.56,144.625
1.877,410.0,2.14,173.2
1.877,420.0,1.785,164.65
1.877,430.0,1.51,182.0
1.877,440.0,1.275,184.625
1.877,450.0,1.075,0.0
2.4841,50.0,207.8,0.195
2.4841,55.0,159.275,0.245
2.4841,60.0,198.525,0.3
2.4841,65.0,193.9,0.355
2.4841,70.0,134.2,0.41
2.4841,75.0,184.65,0.485
2.4841,80.0,180.05,0.555
2.4841,85.0,134.525,0.655
2.4841,90.0,170.9,0.755
2.4841,95.0,166.275,0.865
2.4841,100.0,161.75,0.995
2.4841,105.0,157.275,1.16
2.4841,110.0,152.7,1.325
2.4841,115.0,147.85,1.52
2.4841,120.0,143.85,1.715
2.4841,125.0,139.575,1.955
2.4841,130.0,134.7,2.245
2.4841,135.0,130.55,2.55
2.4841,140.0,126.025,2.855
2.4841,145.0,121.975,3.225
2.4841,150.0,117.625,3.65
2.4841,155.0,113.4,4.1
2.4841,160.0,109.2,4.65
2.4841,165.0,105.05,5.175
2.4841,170.0,100.975,5.775
2.4841,175.0,96.925,6.425
2.4841,180.0,93.075,7.175
2.4841,185.0,89.075,7.95
2.4841,190.0,85.325,8.85
2.4841,195.0,81.5,9.8
2.4841,200.0,77.775,10.825
2.4841,210.0,70.575,13.1
2.4841,220.0,63.75,15.775
2.4841,230.0,57.25,18.85
2.4841,240.0,51.15,22.225
2.4841,250.0,45.375,26.15
2.4841,260.0,40.075,30.575
2.4841,270.0,35.2,35.525
2.4841,280.0,30.75,41.025
2.4841,290.0,26.75,47.025
2.4841,300.0,23.175,53.675
2.4841,310.0,20.0,61.45
2.4841,320.0,17.125,68.425
2.4841,330.0,14.725,76.725
2.4841,340.0,12.65,85.525
2.4841,350.0,10.8,128.5
2.4841,360.0,9.225,148.75
2.4841,370.0,7.875,
2.4841,380.0,6.75,179.0
2.4841,390.0,5.775,171.5
2.4841,400.0,4.925,144.575
2.4841,410.0,4.225,196.975
2.4841,420.0,3.625,164.6
2.4841,430.0,3.125,217.5
2.4841,440.0,2.71,216.0
2.4841,450.0,2.36,194.575
3.2103,50.0,209.0,0.25
3.2103,55.0,204.5,0.355
3.2103,60.0,199.75,0.305
3.2103,65.0,194.9,0.49
3.2103,70.0,190.75,0.91
3.2103,75.0,185.95,0.705
3.2103,80.0,181.725,0.72
3.2103,85.0,177.075,0.91
3.2103,90.0,173.0,1.145
3.2103,95.0,168.425,1.21
3.2103,100.0,163.925,1.41
3.2103,105.0,159.4,1.595
3.2103,110.0,155.25,1.825
3.2103,115.0,150.85,2.075
3.2103,120.0,146.275,3.435
3.2103,125.0,142.5,2.76
3.2103,130.0,137.2,3.24
3.2103,135.0,133.5,3.25
3.2103,140.0,129.5,4.025
3.2103,145.0,125.5,4.15
3.2103,150.0,120.95,4.65
3.2103,155.0,116.375,6.45
3.2103,160.0,112.8,5.95
3.2103,165.0,109.35,7.625
3.2103,170.0,105.4,7.35
3.2103,175.0,101.6,9.1
3.2103,180.0,97.925,8.35
3.2103,185.0,94.075,10.325
3.2103,190.0,89.8,10.675
3.2103,195.0,86.675,12.025
3.2103,200.0,83.0,12.975
3.2103,205.0,79.7,14.175
3.2103,210.0,76.275,15.45
3.2103,215.0,72.6,16.475
3.2103,220.0,69.35,19.175
3.2103,225.0,66.35,20.3
3.2103,230.0,63.7,21.5
3.2103,235.0,60.175,23.0
3.2103,240.0,56.8,25.025
3.2103,245.0,54.1,26.925
3.2103,250.0,52.125,29.2
3.2103,255.0,49.325,31.0
3.2103,260.0,46.925,32.775
3.2103,265.0,44.175,35.975
3.2103,270.0,41.425,37.775
3.2103,275.0,39.275,41.0
3.2103,280.0,36.35,42.475
3.2103,285.0,34.8,46.5
3.2103,290.0,31.925,49.5
3.2103,295.0,30.6,52.5
3.2103,300.0,28.775,56.625
3.2103,305.0,27.45,59.9
3.2103,310.0,25.725,63.275
3.2103,315.0,23.725,66.925
3.2103,320.0,22.1,70.55
3.2103,325.0,21.5,124.975
3.2103,330.0,20.2,78.0
3.2103,335.0,19.0,
3.2103,340.0,18.375,
3.2103,345.0,16.5,
3.2103,350.0,15.5,95.525
3.2103,355.0,13.975,
3.2103,360.0,13.625,
3.2103,365.0,12.175,
3.2103,370.0,12.075,0.0
3.2103,375.0,11.0,
3.2103,380.0,10.475,124.5
3.2103,385.0,8.7,
3.2103,390.0,7.975,
3.2103,395.0,8.5,
3.2103,400.0,8.025,144.5
3.2103,405.0,7.675,
3.2103,410.0,6.375,
3.2103,415.0,6.325,
3.2103,420.0,6.0,
3.2103,425.0,5.75,
3.2103,430.0,4.4,
3.2103,435.0,5.05,238.5
3.2103,440.0,3.91,184.5
3.3492,50.0,209.0,
3.3492,80.0,182.25,
3.3492,110.0,155.6,3.195
3.3492,120.0,147.0,2.5
3.3492,135.0,134.5,3.675
3.3492,150.0,121.975,4.95
3.3492,155.0,117.25,
3.3492,160.0,113.725,6.125
3.3492,170.0,106.575,8.675
3.3492,175.0,102.725,7.475
3.3492,180.0,97.95,8.95
3.3492,185.0,94.225,10.15
3.3492,190.0,90.475,11.1
3.3492,195.0,87.325,11.975
3.3492,200.0,83.4,12.9
3.3492,210.0,76.825,15.925
3.3492,220.0,70.15,18.5
3.3492,230.0,64.0,21.025
3.3492,240.0,58.45,25.5
3.3492,250.0,52.525,29.125
3.3492,260.0,47.425,33.45
3.3492,270.0,42.825,38.35
3.3492,280.0,37.775,43.3
3.3492,290.0,33.175,49.9
3.3492,300.0,30.0,56.25
3.3492,310.0,26.375,62.175
3.3492,320.0,23.375,69.85
3.3492,330.0,20.925,78.6
3.3492,340.0,18.125,
3.3492,350.0,16.5,
3.3492,360.0,14.5,
3.3492,370.0,12.65,
3.3492,380.0,11.425,
3.3492,390.0,9.575,
3.3492,400.0,8.375,
3.3492,420.0,6.675,
3.3492,440.0,4.9,
3.3492,450.0,4.4,
